User Input,Chatbot Response,Timestamp
who is the head of the computer networking ,"Common roofing materials include asphalt shingles, metal, tile, and slate.",2025-03-23 23:24:48
who is the head of the computer networking at psg polytechnic college,"Common roofing materials include asphalt shingles, metal, tile, and slate.",2025-03-23 23:25:09
Who is the Head of the Department of Computer Networking at PSG Polytechnic College?,The purpose of a roof is to protect the house from weather elements and provide insulation.,2025-03-23 23:25:27
What is the importance of the Computer Networking course?,The purpose of a roof is to protect the house from weather elements and provide insulation.,2025-03-23 23:25:43
head of the department of computer networking,The purpose of a roof is to protect the house from weather elements and provide insulation.,2025-03-23 23:31:13
who is the head of the department of computer networking,The purpose of a roof is to protect the house from weather elements and provide insulation.,2025-03-23 23:31:34
Which subjects are taught in the Computer Networking department?,"The department covers various subjects   including Computer Hardware, computer networking and wireless networks",2025-03-23 23:32:30
Which subjects are taught in the Computer Networking department?,"The department covers various subjects   including Computer Hardware, computer networking and wireless networks",2025-03-23 23:34:01
Solving enchanted riddles,Enchanted riddles are puzzles that challenge the mind and are often associated with quests and adventures in folklore and fantasy tales.,2025-03-24 06:36:25
Where is PSG Polytechnic College located in Coimbatore?,"PSG Polytechnic College is situated in Peelamedu, along Avinashi Road, a major arterial road in Coimbatore. The campus is approximately 5 kilometers from both the Coimbatore Junction railway station and Coimbatore International Airport, making it accessible via various modes of transportation.",2025-03-24 06:39:50
Who is the Head of the Department of Computer Networking at PSG Polytechnic College?,Dr Brindha Subbiah serves as the Head of the Department of Computer Networking. She has been associated with PSG Polytechnic College since 2000 and completed her PhD at PSG College of Technology in 2015,2025-03-24 06:46:05
head of the department of computer networking,Dr Brindha Subbiah serves as the Head of the Department of Computer Networking. She has been associated with PSG Polytechnic College since 2000 and completed her PhD at PSG College of Technology in 2015,2025-03-24 06:46:29
What is the importance of the Computer Networking course?,"Established in 1998, the Department of Computer Networking offers a three-year Diploma Programme in Computer Networking. The curriculum is designed to provide students with comprehensive knowledge in networking technologies, preparing them for the evolving demands of the IT industry.",2025-03-24 06:46:42
Who is the Head of the Department of Computer Networking at PSG Polytechnic College?,Dr Brindha Subbiah serves as the Head of the Department of Computer Networking. She has been associated with PSG Polytechnic College since 2000 and completed her PhD at PSG College of Technology in 2015,2025-03-24 06:57:11
What subjects are covered in the Computer Networking department?,"The finishing stage includes installing drywall, painting, flooring, and fixtures.",2025-03-24 20:30:28
How many departments are there in PSG Polytechnic College?,"A foundation is the lower portion of a building that transfers its load to the ground. Common types include slab, crawl space, and basement foundations.",2025-03-24 20:31:00
How can a student find the Computer Networking Department at PSG Polytechnic College?,"To reach the Computer Networking Department, proceed to the third floor of the main academic building, turn left, and it is the first classroom on that side.",2025-03-24 20:31:49
What subjects are covered in the Computer Networking department?,Drywall is a panel made of gypsum used to create interior walls and ceilings.,2025-03-24 20:35:22
Which companies hire Electrical Engineering students?,"Core subjects include Circuit Theory, Electrical Machines, Power Systems, Microcontrollers, and Power Electronics.",2025-03-24 20:36:03
What are the career opportunities for Electrical students?,"Core subjects include Circuit Theory, Electrical Machines, Power Systems, Microcontrollers, and Power Electronics.",2025-03-24 20:36:35
Does PSG Polytechnic provide CCNA certification training?,"To obtain building permits, you must submit your plans to the local building department for approval.",2025-03-24 20:36:57
Which companies hire IT students from PSG Polytechnic College?,"You typically need a building permit, zoning permit, and possibly environmental permits, depending on your location.",2025-03-24 20:37:14
What subjects are taught in the Mechanical Engineering department?,"Mechanical Engineering covers subjects like Engineering Mechanics, Thermodynamics, Machine Design, Fluid Mechanics, and CAD.",2025-03-24 20:37:46
How many departments are there in PSG Polytechnic College?,"A foundation is the lower portion of a building that transfers its load to the ground. Common types include slab, crawl space, and basement foundations.",2025-03-24 20:38:13
What are the names of all the departments in PSG Polytechnic College?,"The finishing stage includes installing drywall, painting, flooring, and fixtures.",2025-03-24 20:38:35
head of the department,Dr Brindha Subbiah serves as the Head of the Department of Computer Networking. She has been associated with PSG Polytechnic College since 2000 and completed her PhD at PSG College of Technology in 2015,2025-03-24 20:40:24
what is computer networking,"Established in 1998, the Department of Computer Networking offers a three-year Diploma Programme in Computer Networking. The curriculum is designed to provide students with comprehensive knowledge in networking technologies, preparing them for the evolving demands of the IT industry.",2025-03-24 20:40:48
How is the placement record of PSG Polytechnic College?,PSG Polytechnic College was established in 1939.,2025-03-24 21:15:06
How advanced are the laboratories at PSG Polytechnic College?,"The campus offers labs, workshops, libraries, hostels, and sports complexes.",2025-03-24 21:15:38
What is the role of PSG Polytechnic College in skill development?,PSG Polytechnic College was established in 1939.,2025-03-24 21:16:27
How is the placement record of PSG Polytechnic College?,PSG Polytechnic College was established in 1939.,2025-03-25 09:53:08
Tell me about the job placement record of PSG Polytechnic College,PSG Polytechnic College was established in 1939.,2025-03-25 09:53:58
How is student life at PSG?,"Students can engage in sports, cultural clubs, and technical societies.",2025-03-25 10:21:18
"Who founded PSG Polytechnic College?"",","Learning about history can involve reading books, visiting museums, watching documentaries, and attending history lectures.",2025-03-25 10:21:55
What does PSG stand for?,"Learning about history can involve reading books, visiting museums, watching documentaries, and attending history lectures.",2025-03-25 10:22:13
who is the principle of psg polytechnic college,"History is the study of past events, societies, and civilizations. It provides insights into our roots and informs our future.",2025-03-25 10:22:34
Who is the owner of the psg polytechnic college,"History is the study of past events, societies, and civilizations. It provides insights into our roots and informs our future.",2025-03-25 10:23:30
What was the vision behind PSG Polytechnic College?,"Learning about history can involve reading books, visiting museums, watching documentaries, and attending history lectures.",2025-03-25 10:23:53
computer netwoking head of the department,Dr Brindha Subbiah serves as the Head of the Department of Computer Networking. She has been associated with PSG Polytechnic College since 2000 and completed her PhD at PSG College of Technology in 2015,2025-03-25 10:31:46
princ,"A floor plan is a scaled diagram of a room or building viewed from above, showing the arrangement of spaces.",2025-03-25 10:32:10
who is the owner of psg polytechnic collage,"PSG Polytechnic College, established in 1939, is managed by PSG & Sons' Charities, a trust founded by the PSG family. The current Managing Trustee of PSG & Sons' Charities is Shri. L. Gopalakrishnan. ",2025-03-25 10:40:16
principle,"When planning to build a house, consider your budget, location, size, style, and future needs.",2025-03-25 10:45:39
who is the principle of psg polytechnic college,"Dr B Giriraj Balasubramaniyam has been serving as the Principal of PSG Polytechnic College since 2014. He holds a Ph.D. from Anna University, Chennai, awarded in 2008, and has been associated with the Department of Mechanical Engineering at PSG Polytechnic College since 1997. Under his leadership, the college has continued its tradition of excellence in technical education",2025-03-25 10:46:07
what are the departments in psg polytecnic collage,Drywall is a panel made of gypsum used to create interior walls and ceilings.,2025-03-25 10:51:18
owner,"A floor plan is a scaled diagram of a room or building viewed from above, showing the arrangement of spaces.",2025-03-25 10:54:01
owner of psg,"Common roofing materials include asphalt shingles, metal, tile, and slate.",2025-03-25 10:54:11
owner of psg polytech,The purpose of a roof is to protect the house from weather elements and provide insulation.,2025-03-25 10:54:26
owner of psg polytechnic,"Common roofing materials include asphalt shingles, metal, tile, and slate.",2025-03-25 10:54:33
owner of psg polytechnic collage,The purpose of a roof is to protect the house from weather elements and provide insulation.,2025-03-25 10:54:41
who is the owner of psg polytechnic collage,"PSG Polytechnic College, established in 1939, is managed by PSG & Sons' Charities, a trust founded by the PSG family. The current Managing Trustee of PSG & Sons' Charities is Shri. L. Gopalakrishnan. ",2025-03-25 10:54:54
What are the names of all the departments in PSG Polytechnic College,Drywall is a panel made of gypsum used to create interior walls and ceilings.,2025-03-25 11:10:43
What are the names of all the departments in PSG Polytechnic College,"The finishing stage includes installing drywall, painting, flooring, and fixtures.",2025-03-25 11:13:05
How many departments are there in PSG Polytechnic College?,"PSG Polytechnic College has departments such as Mechanical, Civil, Electrical, Electronics, Computer Networking, Information Technology, Mechatronics, Textile Technology, Printing Technology, and Basic Science.",2025-03-25 11:16:49
hi,"Hello, I am the one who knocks.",2025-05-05 17:55:19
what is the time now,6 minutes,2025-05-05 17:55:37
what is the time now in india,2:30 pm,2025-05-05 17:55:53
what is the time now in coimbatore,2:30 am,2025-05-05 17:56:13
who is the president of india,You mean who is the President of the United States of America?,2025-05-05 17:56:38
s,"Ohhh, ok",2025-05-05 17:56:50
yes,"I am not sure if this is a good thing or not, but I am sure it is a thing.",2025-05-05 17:57:01
what is my name,Is it u namjoon?,2025-05-05 17:57:18
what is your name,"I am a big fan of the name, and the name of the team",2025-05-05 17:57:31
CSK,CSK!,2025-05-05 17:57:40
who is CSK,the best csgo team,2025-05-05 17:57:49
give me a python code for a app,I can do it for you if you want.,2025-05-05 17:58:29
ok do,do what?,2025-05-05 17:58:43
python code,JavaScript,2025-05-05 17:58:50
what is python ,A language used to make a lot of software.,2025-05-05 17:59:02
give more answer,"I'm not going to say anything, you can't trust me.",2025-05-05 17:59:13
sridarshan27,hi,"As the world's largest bitcoin exchange, Coinbase is now facing a major setback. The exchange has been forced to shut down for several weeks due to a ""technical issue.""

The company has been unable to keep up with demand and its staff has been laid off. In the meantime, the company is now offering its customers the chance to buy and sell bitcoins on its platform.

Coinbase's CEO, Andrew Liveris, said the company was ""out of control"" and that Coinbase would continue to offer its customers a chance to trade bitcoins on the platform. Liveris also noted that Coinbase has no plans to change its policy on cryptocurrency trading.
 ""The current policy is to do business with a limited number of people who are interested in bitcoins,"" he said. ""The decision to do that is a technical issue and we will continue to make changes as we go along.""
.@Coinbase is out of control. The current policy was to do Business with a Limited Number",2025-05-05 18:35:58
sridarshan27,what is python,"Here's what I found about what is python:

ðŸ“š Python (programming language):
Python is a high-level, general-purpose programming language. Its design philosophy emphasizes code readability with the use of significant indentation.
Python is dynamically type-checked and garbage-...

ðŸ“š Monty Python:
Monty Python (also collectively known as the Pythons) were a British comedy troupe formed in 1969 consisting of Graham Chapman, John Cleese, Terry Gilliam, Eric Idle, Terry Jones and Michael Palin. Th...

ðŸ“š Anaconda (Python distribution):
Anaconda is an open source  data science and artificial intelligence distribution platform for Python and R programming languages. Developed by Anaconda, Inc.,  an American company founded in 2012, th...

Would you like to know more about any of these topics?",2025-05-05 18:36:21
sridarshan27,yes,"""I think it's an excellent idea to have a good number of people on board. I think it would be very good to have some sort of a community. It's not a very large community. There are a lot of people that come to the program. They're all in the same boat. I've never met anyone who has never been there. It would be a very interesting way to do it.

""I've always been very excited about the idea of doing a training program for people who are trying to learn and have a sense of accomplishment. It has always been a very exciting thing to do. We're just starting to get to know each other and get a sense that we're very much in the right place.""",2025-05-05 18:36:38
sridarshan27,give me a quiz about a computer,I couldn't generate a quiz question about give me a  about a computer. Could you try a different topic?,2025-05-05 18:37:26
sridarshan27,what is the weather now,"Here's what I found about what is the weather now:

ðŸ“š English interrogative words:
The English interrogative words (also known as ""wh words"" or ""wh forms"") are words in English with a central role in forming interrogative phrases and clauses and in asking questions. The main members...

ðŸ“š Weather forecasting:
Weather forecasting or weather prediction is the application of science and technology to predict the conditions of the atmosphere for a given location and time. People have attempted to predict the w...

ðŸ“š The Weather Channel:
The Weather Channel (TWC) is an American pay television channel owned by Weather Group, LLC, a subsidiary of Allen Media Group. The channel's headquarters are located in Atlanta, Georgia. Launched on ...

Would you like to know more about any of these topics?",2025-05-05 18:38:27
